Date,Close/Last,Volume,Open,High,Low
08/11/2022,1900.39,N/A,1879.14,1913.27,1858.57
08/10/2022,1882.78,N/A,1669.14,1917.52,1850.72
08/09/2022,1671.64,N/A,1778.59,1702.8,1657.78
08/08/2022,1776.89,N/A,1710.17,1785.35,1762.01
08/07/2022,1712.04,N/A,1683.93,1718.76,1694.69
08/06/2022,1684.57,N/A,1739.43,1697.65,1669.39
08/05/2022,1735.85,N/A,1659.86,1749.33,1727.94
08/04/2022,1659.71,N/A,1649.28,1668,1605.71
08/03/2022,1649.3,N/A,1617.6,1658.33,1616.53
08/02/2022,1619.2,N/A,1577.38,1638.44,1591.6
08/01/2022,1580.27,N/A,1690.67,1655.07,1569.73
07/31/2022,1690.19,N/A,1693.48,1702.81,1674.89
07/30/2022,1689.39,N/A,1706.63,1710.72,1687.45
07/29/2022,1707.09,N/A,1727.76,1734.13,1687.5
07/28/2022,1727.26,N/A,1648.82,1731.91,1696.97
07/27/2022,1646.36,N/A,1424.75,1673.3,1606.14
07/26/2022,1424.4,N/A,1432.66,1458.13,1421.17
07/25/2022,1431.55,N/A,1509.74,1446.06,1404
07/24/2022,1504.3,N/A,1551.83,1608.06,1504.3
07/23/2022,1552.67,N/A,1571.32,1574.88,1548.7
07/22/2022,1577.32,N/A,1561.55,1578.68,1525.86
07/21/2022,1560.67,N/A,1487.18,1594.71,1556.48
07/20/2022,1492.42,N/A,1562.2,1551.73,1485.06
07/19/2022,1559.82,N/A,1517.54,1567.62,1511.58
07/18/2022,1514.7,N/A,1408.4,1620.35,1514.57
07/17/2022,1404.82,N/A,1353.83,1419.48,1336.75
07/16/2022,1353.19,N/A,1222.69,1385.23,1330.25
07/15/2022,1223.55,N/A,1199.97,1234.85,1210.06
07/14/2022,1195.85,N/A,1112.61,1221.16,1182.22
07/13/2022,1113.32,N/A,1052.19,1125.71,1109.25
07/12/2022,1051.75,N/A,1086.27,1058.94,1036.31
07/11/2022,1084.98,N/A,1154.64,1097.75,1081.68
07/10/2022,1153.22,N/A,1188.43,1170.63,1146.09
07/09/2022,1189.6,N/A,1216.88,1219.26,1185.36
07/08/2022,1216.51,N/A,1258.67,1221.04,1205.26
07/07/2022,1258.38,N/A,1175.89,1275.69,1231.55
07/06/2022,1175.49,N/A,1130.41,1189.15,1167.65
07/05/2022,1129.69,N/A,1152.87,1153.37,1112.02
07/03/2022,1062.17,N/A,1045.69,1083.98,1041.82
07/02/2022,1063.18,N/A,1038.14,1070.87,1055.49
07/01/2022,1038.52,N/A,1056.78,1068.14,1035.08
06/30/2022,1065.1,N/A,1094.02,1110.25,1050.95
06/29/2022,1092.25,N/A,1145.24,1105.88,1078.39
06/28/2022,1142.24,N/A,1182.7,1155.02,1135.44
06/27/2022,1181.39,N/A,1220.12,1199.09,1165.84
06/26/2022,1217.58,N/A,1232.99,1225.62,1196.36
06/25/2022,1233.08,N/A,1223.46,1245.48,1227.85
06/24/2022,1225.49,N/A,1150.49,1226.74,1205.25
06/23/2022,1150.01,N/A,1076.58,1165.83,1141.59
06/22/2022,1079.04,N/A,1089.32,1096.68,1046.57
06/21/2022,1088.17,N/A,1131.06,1127.06,1087.49
06/20/2022,1130.16,N/A,1080.51,1140.45,1110.63
06/19/2022,1083.15,N/A,952.67,1131.17,1056.58
06/18/2022,964.16,N/A,1079.08,1009.19,941.71
06/17/2022,1079.28,N/A,1071.67,1096.93,1072.1
06/16/2022,1074.06,N/A,1209.77,1116.46,1052.17
06/15/2022,1210.91,N/A,1171.24,1254.28,1203.57
06/14/2022,1183.35,N/A,1172.67,1226.97,1178.93
06/13/2022,1165.07,N/A,1349.9,1224.2,1078.11
06/12/2022,1357.81,N/A,1450.2,1454.07,1308.26
06/11/2022,1472.91,N/A,1673.42,1541.84,1449.79
06/10/2022,1670.18,N/A,1786.72,1681.58,1659.58
06/09/2022,1796.4,N/A,1794.1,1803.54,1753.65
06/08/2022,1799.12,N/A,1824.47,1800.04,1778
06/07/2022,1786.36,N/A,1740.08,1834.87,1766.94
06/06/2022,1754.73,N/A,1867.66,1861.08,1727.77
06/05/2022,1876.28,N/A,1792.35,1880.03,1804.77
06/04/2022,1791.8,N/A,1754.76,1810.69,1784.85
06/03/2022,1755.14,N/A,1831.4,1779.7,1748.89
06/02/2022,1828.92,N/A,1831.03,1843.31,1824.4
06/01/2022,1811.09,N/A,1929.85,1835.53,1806.57
05/31/2022,1928.79,N/A,1994.5,1958.42,1927.74
05/30/2022,1894.38,N/A,1795.87,1915.12,1804.33
05/29/2022,1877.77,N/A,1777.4,1887.24,1804.33
05/28/2022,1774.55,N/A,1764.41,1795.5,1764.72
05/27/2022,1758.05,N/A,1768.29,1762.42,1722.88
05/26/2022,1769.78,N/A,1948.88,1807.02,1734.05
05/25/2022,1943.28,N/A,2013.72,1964.91,1934.2
05/24/2022,2015.14,N/A,1987.94,2020.64,1971.07
05/23/2022,1987.38,N/A,2030.76,1989.71,1970.5
05/22/2022,2029.26,N/A,1974.11,2054.54,2021.53
05/21/2022,1973.09,N/A,1967.87,1983.65,1972.08
05/20/2022,1959.03,N/A,2023.39,1973.66,1940.59
05/19/2022,2023.89,N/A,1953.19,2051.8,2005.27
05/18/2022,1956.19,N/A,2040.76,1963.44,1903.67
05/17/2022,2040.11,N/A,2073.76,2108.84,2037.92
05/16/2022,2073.47,N/A,2075.81,2078.66,2019.5
05/15/2022,2072.98,N/A,2014.59,2145.86,2068.43
05/14/2022,2014.44,N/A,2055.63,2078.17,2001.74
05/13/2022,2049.91,N/A,2095.46,2068.66,2002.8
05/12/2022,2103.28,N/A,1977.79,2106.12,1941.53
05/11/2022,2016.31,N/A,2360.72,2190.51,2007.86
05/10/2022,2365.41,N/A,2304.23,2391.32,2321.95
05/09/2022,2308.76,N/A,2457.64,2345.54,2202.02
05/08/2022,2462.2,N/A,2545.43,2529.35,2426.37
05/07/2022,2539.65,N/A,2668.87,2641.84,2525.91
05/06/2022,2676.07,N/A,2744.75,2697.46,2665.77
05/05/2022,2743.74,N/A,2941.7,2757.14,2726.46
05/04/2022,2941.1,N/A,2798.23,2952.84,2937.74
05/03/2022,2798.03,N/A,2847.97,2807.55,2773.9
05/02/2022,2847.02,N/A,2841.13,2861.42,2830.76
05/01/2022,2844.57,N/A,2777.2,2848.03,2823.28
04/30/2022,2771.99,N/A,2818.39,2780.31,2720.57
04/29/2022,2819.01,N/A,2924.1,2837.78,2810.84
04/28/2022,2924.36,N/A,2883.8,2946.18,2904.78
04/27/2022,2884.69,N/A,2835.18,2915.51,2873.17
04/26/2022,2837.63,N/A,3000.63,2843.99,2795.58
04/25/2022,2999.91,N/A,2876.46,3032.7,2986.67
04/24/2022,2875.42,N/A,2956.45,2924.16,2845.43
04/23/2022,2956.36,N/A,2947.31,2959.1,2924.09
04/22/2022,2945.05,N/A,2994.21,2973.6,2943.04
04/21/2022,3000.35,N/A,3096.91,3007.87,2971.06
04/20/2022,3093.23,N/A,3091.63,3104.83,3072.01
04/19/2022,3086.9,N/A,3038.3,3105.91,3067.12
04/18/2022,3038.72,N/A,2995.17,3089.49,3036.86
04/17/2022,3044.94,N/A,3039.47,3064.5,3022.75
04/16/2022,3033.53,N/A,3037.11,3064.5,3022.75
04/15/2022,3039.72,N/A,3041.64,3048.73,3034.91
04/14/2022,3036.55,N/A,3118.51,3041.93,3013.48
04/13/2022,3115.75,N/A,3049.78,3143.18,3111.35
04/12/2022,3051.68,N/A,2981.78,3066.74,3006.75
04/11/2022,2979.27,N/A,3174.33,2994.8,2951.8
04/10/2022,3172.21,N/A,3258.32,3213.52,3154.22
04/09/2022,3257.31,N/A,3209.67,3267.51,3246.37
04/08/2022,3214.06,N/A,3267.1,3222.46,3182.1
04/07/2022,3260.83,N/A,3188.54,3275.27,3216.58
04/06/2022,3186.43,N/A,3338.72,3206.46,3143.96
04/05/2022,3342.88,N/A,3523.91,3406.83,3275
04/04/2022,3521.97,N/A,3490.54,3534.97,3501.23
04/03/2022,3497.41,N/A,3455.9,3521.16,3473.6
04/02/2022,3475.01,N/A,3469.54,3529.63,3436.79
04/01/2022,3469.32,N/A,3250.19,3521.34,3440.56
03/31/2022,3243.43,N/A,3396.81,3306.9,3215.33
03/30/2022,3399,N/A,3384.49,3423.81,3378.83
03/29/2022,3384.11,N/A,3368.06,3401.86,3333.5
03/28/2022,3368.15,N/A,3311.74,3399.22,3329.67
03/27/2022,3308.9,N/A,3143.9,3321.44,3275.32
03/26/2022,3139.4,N/A,3108.96,3165.76,3137.62
03/25/2022,3109.07,N/A,3132.8,3116.82,3085.8
03/24/2022,3129.62,N/A,3016.91,3140.58,3094.22
03/23/2022,3024.87,N/A,2948.22,3078.7,3006.1
03/22/2022,2957.69,N/A,3006.49,2991.68,2927.95
03/21/2022,3012.49,N/A,2843.85,3024.15,2887.69
03/20/2022,2846.42,N/A,2932.97,2875.65,2830.38
03/19/2022,2935.87,N/A,2948.78,2962.19,2907.81
03/18/2022,2934.49,N/A,2778.73,2979.37,2931.8
03/17/2022,2777.09,N/A,2775.24,2813.44,2768.65
03/16/2022,2765.71,N/A,2690.33,2782.99,2754
03/15/2022,2620.33,N/A,2562.01,2731,2603.8
03/14/2022,2540.4,N/A,2525.12,2598.48,2539.36
03/13/2022,2530.15,N/A,2591.04,2542.32,2500.12
03/12/2022,2589.99,N/A,2583.86,2600.65,2562.5
03/11/2022,2589.51,N/A,2551.41,2596.72,2555.85
03/10/2022,2538.18,N/A,2658.72,2609.86,2525.2
03/09/2022,2605.06,N/A,2718.99,2731.37,2593.93
03/08/2022,2714.62,N/A,2541.66,2727.33,2569.13
03/07/2022,2538.86,N/A,2525.67,2567.32,2483.29
03/06/2022,2529.19,N/A,2645.68,2557.09,2509
03/03/2022,2833.49,N/A,2947.14,2967.89,2789.87
03/02/2022,2893.74,N/A,2997.14,2967.89,2888.09
03/01/2022,3007.96,N/A,2925.32,3041.84,2914.7
02/28/2022,2918.05,N/A,2612.25,2969.62,2892.95
02/27/2022,2613.14,N/A,2706.14,2676.3,2590.34
02/26/2022,2713.75,N/A,2807.7,2790.19,2681.99
02/25/2022,2819.57,N/A,2615.98,2856.01,2767.58
02/24/2022,2619.36,N/A,2402.67,2646.92,2583.02
02/23/2022,2396.84,N/A,2652.93,2592.01,2360.91
02/22/2022,2644.12,N/A,2511.26,2657.86,2602.98
02/21/2022,2529.98,N/A,2744.16,2619.03,2510.79
02/20/2022,2740.94,N/A,2682.65,2740.94,2608.18
02/19/2022,2689.1,N/A,2814.85,2764.46,2683.91
02/18/2022,2809.14,N/A,2879.03,2829.2,2767.01
02/17/2022,2892.8,N/A,3065.23,2918.82,2864.53
02/16/2022,3070.62,N/A,3122.86,3159.83,3057.02
02/15/2022,3121.66,N/A,3015.34,3184.07,3106.15
02/14/2022,3014.47,N/A,2866.59,3036.79,2912.61
02/13/2022,2859.28,N/A,2917.16,2891.38,2834.13
02/12/2022,2913.1,N/A,2936.46,2944.78,2899.13
02/11/2022,2932.54,N/A,3070.07,2959.2,2912.69
02/10/2022,3064.85,N/A,3169.37,3094.79,3002.35
02/09/2022,3160.31,N/A,3079.83,3247.1,3160.1
02/08/2022,3092.43,N/A,3162.12,3129.98,3063.7
02/07/2022,3153.36,N/A,3085.97,3159.13,3114.03
02/06/2022,3079.87,N/A,3017.08,3084.93,2995.59
02/05/2022,3015.9,N/A,3013.39,3033.46,2990.19
02/04/2022,3013.5,N/A,2683.5,3034.1,2963.11
02/03/2022,2684.81,N/A,2663.67,2697.52,2671.72
02/02/2022,2665.68,N/A,2761.79,2723.97,2652.16
02/01/2022,2758.18,N/A,2742.74,2800.27,2743.7
01/31/2022,2739.64,N/A,2498.86,2765.13,2676.32
01/30/2022,2500.93,N/A,2590.44,2607.47,2478.85
01/29/2022,2581.71,N/A,2538.9,2614.38,2564.53
01/28/2022,2542.32,N/A,2441.21,2583.1,2520.14
01/27/2022,2433.18,N/A,2394.2,2460.28,2366.98
01/26/2022,2393.86,N/A,2498.26,2492.93,2356.46
01/25/2022,2419.78,N/A,2239.26,2450.68,2352.36
01/24/2022,2382.8,N/A,2438.39,2441.29,2379.36
01/23/2022,2432.03,N/A,2432.74,2540.81,2431.77
01/22/2022,2432.4,N/A,2555.67,2458,2387.85
01/21/2022,2565.3,N/A,2861.36,2621.21,2544.84
01/20/2022,2866.5,N/A,3123.9,3032.69,2812.19
01/19/2022,3126.88,N/A,3101.39,3135.26,3084.48
01/18/2022,3103.21,N/A,3175.44,3173.63,3093.25
01/17/2022,3175.27,N/A,3254.01,3242.47,3166.44
01/16/2022,3270.61,N/A,3317.48,3356.45,3253.2
01/15/2022,3320.9,N/A,3305.28,3336.52,3297.89
01/14/2022,3304.08,N/A,3272.63,3325.5,3293.94
01/13/2022,3276.9,N/A,3336.15,3281.56,3225.59
01/12/2022,3337.49,N/A,3227.3,3381.64,3316.03
01/11/2022,3224.57,N/A,3119.65,3259.32,3219.98
01/10/2022,3112.72,N/A,3176.73,3126.88,3053.4
01/09/2022,3194.42,N/A,3080.68,3210.34,3060.47
01/08/2022,3132.94,N/A,3219.66,3145.28,3060.47
01/07/2022,3224.46,N/A,3217.36,3241.77,3184.12
01/06/2022,3205.8,N/A,3455.03,3413.26,3149.18
01/05/2022,3443.32,N/A,3809.05,3550.19,3407.77
01/04/2022,3812.97,N/A,3730.89,3824.94,3769.97
01/03/2022,3732.99,N/A,3785.36,3773.73,3715.24
01/02/2022,3792.07,N/A,3758.95,3830.7,3777.56
01/01/2022,3734.09,N/A,3724.22,3770.77,3734.09
12/31/2021,3718.22,N/A,3744.28,3747.16,3677.69
12/30/2021,3747.89,N/A,3649.76,3760.57,3686.07
12/29/2021,3666.66,N/A,3816.18,3681.76,3589.64
12/28/2021,3806.74,N/A,3959.24,3825.97,3788
12/27/2021,3916.49,N/A,4080.15,4036.86,3880.67
12/26/2021,4067.46,N/A,4022.11,4087.2,4049.39
12/25/2021,4020.84,N/A,4037.01,4102.19,4005.38
12/24/2021,4043.18,N/A,4090.39,4074.62,4024.87
12/23/2021,4095.4,N/A,3948.75,4128.07,4075.84
12/22/2021,3961.21,N/A,4054.15,4002.8,3911.81
12/21/2021,4052.6,N/A,4035.6,4072.4,3993.22
12/20/2021,4031.11,N/A,3927.11,4049.9,3915.56
12/19/2021,3926.78,N/A,3977.95,4025.37,3897.29
12/18/2021,4022.64,N/A,3882.9,4025.37,3897.29
12/17/2021,3888.19,N/A,3977.85,3900.12,3769.91
12/16/2021,3983.43,N/A,4009.43,3993.87,3943.37
12/15/2021,4011.95,N/A,3856.6,4058.17,3996.76
12/14/2021,3855.21,N/A,3771.97,3891.33,3807.92
12/13/2021,3773.3,N/A,4016.74,3831.45,3752.38
12/12/2021,4012.84,N/A,4011.48,4141.27,3960.12
12/11/2021,4016.89,N/A,4033.76,4094.34,4013.77
12/10/2021,4033.19,N/A,4127.31,4039.67,3836.92
12/09/2021,4133.21,N/A,4389.27,4196.6,4101.57
12/08/2021,4383.12,N/A,4317.86,4482.89,4353.68
12/07/2021,4314.5,N/A,4344.68,4343.44,4282.29
12/06/2021,4339.98,N/A,4166.13,4384.01,4309.88
12/05/2021,4168.07,N/A,4155.88,4201.41,4103.35
12/04/2021,4042.39,N/A,4475.74,4237.56,3533.02
12/03/2021,4045.83,N/A,4532.9,4237.56,4045.83
12/02/2021,4533.23,N/A,4510.47,4546.93,4471.59
12/01/2021,4507.02,N/A,4730.3,4617.78,4454.79
11/30/2021,4729.27,N/A,4443.47,4763.96,4604.87
11/29/2021,4444.57,N/A,4323.95,4500.07,4403.69
11/28/2021,4342.37,N/A,4021.35,4370.62,4284.28
11/27/2021,4017.06,N/A,4133.84,4096.24,3980.24
11/26/2021,4142.36,N/A,4420.22,4146.99,4029.06
11/25/2021,4416.37,N/A,4288.21,4548.1,4404.72
11/24/2021,4290.11,N/A,4269.17,4334.41,4248.9
11/23/2021,4265.98,N/A,4168.77,4372.83,4233.03
11/22/2021,4179.59,N/A,4153.63,4190.35,4064.72
11/21/2021,4174.26,N/A,4331.12,4268.07,4152.46
11/20/2021,4334.44,N/A,4292.24,4415.56,4331.9
11/19/2021,4278.03,N/A,4052.89,4332.17,4264.99
11/18/2021,4041.9,N/A,4255.48,4101.88,3978.08
11/17/2021,4271.87,N/A,4135.54,4342.74,4257.28
11/16/2021,4101.79,N/A,4347.29,4240.09,4071.01
11/15/2021,4352.61,N/A,4704.61,4562.97,4264.83
11/14/2021,4701.79,N/A,4633.32,4721.81,4625.71
11/13/2021,4637.12,N/A,4620.4,4692.76,4622.34
11/12/2021,4628.83,N/A,4779.2,4705.02,4615.94
11/11/2021,4780.75,N/A,4635.04,4807.16,4692.86
11/10/2021,4632.16,N/A,4713.26,4645.96,4578.66
11/09/2021,4714.79,N/A,4805.34,4754.23,4679.45
11/08/2021,4796.78,N/A,4719.19,4813.62,4778.9
11/07/2021,4716.81,N/A,4550.24,4735.44,4612.05
11/06/2021,4547.8,N/A,4481.31,4570.01,4502.7
11/05/2021,4486.79,N/A,4506.13,4507,4456.23
11/04/2021,4540.75,N/A,4562.61,4554.23,4470.1
11/03/2021,4552.3,N/A,4599.1,4604.84,4541.84
11/02/2021,4575.86,N/A,4306.76,4639.6,4556.01
11/01/2021,4314.85,N/A,4237.23,4346.39,4287.36
10/31/2021,4198.74,N/A,4367.55,4323.55,4197.15
10/30/2021,4367.71,N/A,4339.87,4393.61,4321.04
10/29/2021,4343.43,N/A,4379.62,4428.41,4332.18
10/28/2021,4364.58,N/A,3994.05,4401.4,4268.21
10/27/2021,3994.83,N/A,4210.01,4017.95,3896.33
10/26/2021,4211.74,N/A,4224.63,4224.08,4118.82
10/25/2021,4221.87,N/A,4135.1,4256.59,4204.64
10/24/2021,4138.39,N/A,4132.4,4142.42,4069.94
10/23/2021,4140.25,N/A,4022.62,4184,4116.97
10/22/2021,4029.33,N/A,4153.04,4035.47,3947.89
10/21/2021,4149.79,N/A,4184.46,4160.44,4053.89
10/20/2021,4178.42,N/A,3844.39,4239.61,4138.42
10/19/2021,3847.36,N/A,3823.44,3899.9,3843.41
10/18/2021,3820.01,N/A,3853.34,3829.62,3733.78
10/17/2021,3845.27,N/A,3879.27,3892.01,3834.18
10/16/2021,3878.53,N/A,3841.45,3888.33,3807.52
10/15/2021,3838.15,N/A,3820.26,3872,3823.55
10/14/2021,3823.41,N/A,3644.12,3838.92,3735.21
10/13/2021,3634.98,N/A,3501.01,3654.36,3588.24
10/12/2021,3504.78,N/A,3482.14,3530.76,3482.99
10/11/2021,3486.56,N/A,3518.25,3541.49,3448.79
10/10/2021,3504.81,N/A,3530.96,3513.25,3381.43
10/09/2021,3534.99,N/A,3581.15,3585.01,3489.52
10/08/2021,3583.71,N/A,3574.74,3588.6,3541.4
10/07/2021,3568.28,N/A,3519.74,3617.2,3553.12
10/06/2021,3528.87,N/A,3488.36,3575.43,3473.47
10/05/2021,3490.22,N/A,3388.16,3537.09,3474.41
10/04/2021,3385,N/A,3336.43,3417.42,3365.28
10/03/2021,3336.75,N/A,3402.49,3425.36,3330.58
10/02/2021,3384.23,N/A,3291.54,3424.57,3346.63
10/01/2021,3291.54,N/A,3023.66,3318.59,3275.76
09/30/2021,2975.1,N/A,3026.78,3038.62,2975.1
09/29/2021,3016.7,N/A,2893.27,3018.04,2837.68
09/28/2021,2882.84,N/A,2947.16,2882.9,2791.79
09/27/2021,3100.37,N/A,2820.58,3163.86,3028.61
09/26/2021,3112.18,N/A,2865.22,3163.86,3028.61
09/25/2021,2864.28,N/A,2913.12,2931.22,2844.18
09/24/2021,2913.53,N/A,3075.29,2955.55,2877.27
09/23/2021,3092.07,N/A,3117.77,3158.38,3085.1
09/22/2021,3100.94,N/A,2869.13,3115.73,3035.96
09/21/2021,2877.71,N/A,2999.06,2892.02,2740.58
09/20/2021,3003.49,N/A,3192.78,3029.29,2817.51
09/19/2021,3195.13,N/A,3412.51,3344.04,3169.05
09/18/2021,3421.26,N/A,3451.21,3439.11,3378.86
09/17/2021,3414.66,N/A,3586.93,3423.7,3371.33
09/16/2021,3563.49,N/A,3543.74,3592.2,3530.59
09/15/2021,3541.12,N/A,3400.96,3617.65,3529.31
09/14/2021,3401.87,N/A,3293.4,3446.07,3388.95
09/13/2021,3313.62,N/A,3271.87,3336.43,3270.91
09/12/2021,3293.51,N/A,3323.12,3429.24,3277.53
09/11/2021,3321.37,N/A,3236.68,3323.46,3231.87
09/10/2021,3229.21,N/A,3465.67,3296.07,3202.41
09/09/2021,3455.26,N/A,3471.94,3512.9,3414.16
09/08/2021,3458.75,N/A,3429.4,3519.74,3437.66
09/07/2021,3438.57,N/A,3913.94,3539.43,3382.59
09/06/2021,3914.16,N/A,3904.17,3945.79,3888.96
09/05/2021,3915.07,N/A,3933.7,3915.19,3834.74
09/04/2021,3848.31,N/A,3917.73,3913.17,3846.37
09/03/2021,3927.73,N/A,3806.8,3968.33,3906.11
09/02/2021,3806.62,N/A,3765.38,3813.54,3715.97
09/01/2021,3755.01,N/A,3441.27,3833.89,3737.6
08/31/2021,3432.28,N/A,3237.78,3445,3384.82
08/30/2021,3239.93,N/A,3161.72,3248.36,3191.34
08/29/2021,3159.02,N/A,3180.1,3229.22,3145.53
08/28/2021,3178.72,N/A,3244.9,3282.21,3162.8
08/27/2021,3244.45,N/A,3093.6,3284.58,3240.6
08/26/2021,3089.61,N/A,3098.74,3249.62,3067.03
08/25/2021,3147.62,N/A,3175.85,3249.62,3141.64
08/24/2021,3174.84,N/A,3324.16,3215.4,3168.77
08/23/2021,3324.24,N/A,3339.98,3349.32,3283.8
08/22/2021,3338.45,N/A,3226.66,3347.77,3231.96
08/21/2021,3223.84,N/A,3276.93,3256.9,3217.65
08/20/2021,3279.02,N/A,3217.77,3287.68,3236.82
08/19/2021,3215.36,N/A,2970.04,3242.92,3179.18
08/18/2021,2979.4,N/A,3041.04,3049.51,2970.75
08/17/2021,3034.38,N/A,3192.7,3044.08,2951.04
08/16/2021,3194.06,N/A,3261.32,3207.66,3116.21
08/15/2021,3270.12,N/A,3247.66,3334.22,3270.12
08/14/2021,3264.1,N/A,3295.37,3286.68,3252
08/13/2021,3295.54,N/A,3094.71,3324.73,3284.34
08/12/2021,3095.8,N/A,3211.57,3100.4,3035.52
08/11/2021,3225.43,N/A,3159.12,3236.28,3151.37
08/10/2021,3155.89,N/A,3115.36,3185.53,3122.67
08/09/2021,3108.45,N/A,2948.39,3198.81,3097.56
08/08/2021,2955.74,N/A,3119.86,3032.96,2900.6
08/07/2021,3119.42,N/A,2936.51,3188.49,3080.83
08/06/2021,2934.97,N/A,2761.73,2935.44,2867.58
08/05/2021,2757.81,N/A,2712.3,2840.9,2757.81
08/04/2021,2709.28,N/A,2484.9,2740.75,2671.34
08/03/2021,2500.93,N/A,2532.75,2536.06,2483.36
08/02/2021,2521.64,N/A,2561.3,2631.43,2521.6
08/01/2021,2561.15,N/A,2615.99,2578.49,2513.51
07/31/2021,2606.62,N/A,2463.26,2606.62,2515.26
07/30/2021,2463.06,N/A,2423.46,2480.36,2443.02
07/29/2021,2425,N/A,2278.45,2447.62,2368.46
07/28/2021,2283.3,N/A,2300.7,2304.48,2269.15
07/27/2021,2293.37,N/A,2166.27,2333.2,2268.02
07/26/2021,2182.63,N/A,2302.93,2240.27,2152.92
07/25/2021,2306.04,N/A,2151.85,2334.39,2174.44
07/24/2021,2151.35,N/A,2063.8,2162.29,2106.71
07/23/2021,2118.68,N/A,2064.69,2129.47,2106.71
07/22/2021,2056.82,N/A,1963.31,2072.6,2014.9
07/21/2021,1977.77,N/A,1793.9,2022.02,1963
07/20/2021,1798.7,N/A,1750.25,1807.68,1758.64
07/19/2021,1729.57,N/A,1887.26,1840.36,1720.7
07/18/2021,1888.19,N/A,1981.38,1906.09,1866.6
07/17/2021,1976.62,N/A,1867.04,1988.23,1898.01
07/16/2021,1870.38,N/A,1950.8,1898.65,1858.96
07/15/2021,1947.4,N/A,1980.2,1956.17,1898.83
07/14/2021,1982.3,N/A,1884.94,2038.91,1975.73
07/13/2021,1878.55,N/A,2029.52,1944.17,1868.67
07/12/2021,2031.42,N/A,2164.62,2042.61,2015.04
07/11/2021,2167.08,N/A,2088.69,2167.43,2126.53
07/10/2021,2089.53,N/A,2133.62,2137.97,2087.18
07/09/2021,2135.68,N/A,2117.86,2191.3,2125.15
07/08/2021,2117.86,N/A,2254.97,2121.27,2079.41
07/07/2021,2260.35,N/A,2339.09,2322.47,2239.94
07/06/2021,2333.62,N/A,2236.97,2341.25,2296.43
07/05/2021,2230.21,N/A,2265.22,2248.15,2194.2
07/04/2021,2256.11,N/A,2224.7,2322.6,2247.49
07/03/2021,2227.7,N/A,2101.99,2236.97,2115.8
07/02/2021,2122.05,N/A,2041.94,2164.3,2115.8
07/01/2021,2049.73,N/A,2185.82,2132.95,2048.19
06/30/2021,2190.22,N/A,2124.71,2274.63,2184.31
06/29/2021,2130.08,N/A,2103.95,2186.03,2123.73
06/28/2021,2102.82,N/A,1966.79,2139.52,2076.17
06/27/2021,1970.68,N/A,1882.78,1994.48,1962.89
06/26/2021,1881.53,N/A,1820.25,1887.9,1813.79
06/25/2021,1822.86,N/A,1997.54,1839.01,1795.61
06/24/2021,1997.79,N/A,1907.23,2017.47,1964.07
06/23/2021,1896.95,N/A,2013.39,1975.26,1886.74
06/22/2021,2004.42,N/A,1976.78,2031.06,1823.57
06/21/2021,1982.71,N/A,2156.65,1994.32,1864.52
06/20/2021,2158.98,N/A,2182.5,2257.86,2158.98
06/19/2021,2187.34,N/A,2188.41,2192.1,2146.72
06/18/2021,2180.05,N/A,2341.96,2254.28,2173.52
06/17/2021,2346.86,N/A,2434.33,2376.62,2312.4
06/16/2021,2429.97,N/A,2522.01,2437.88,2361.32
06/15/2021,2524.44,N/A,2586.46,2544.35,2501.93
06/14/2021,2590.68,N/A,2478.38,2620.4,2569.79
06/13/2021,2472.22,N/A,2336.4,2523.59,2469.02
06/12/2021,2334.35,N/A,2302.03,2415.86,2323.45
06/11/2021,2277.78,N/A,2465.16,2363.77,2260.8
06/10/2021,2461.2,N/A,2579.14,2493.48,2406.53
06/09/2021,2580.44,N/A,2455.25,2615.46,2578.35
06/08/2021,2459.62,N/A,2490.48,2520.74,2414.66
06/07/2021,2487.84,N/A,2766.91,2618.7,2435.14
06/06/2021,2767.38,N/A,2674.69,2797.6,2693.66
06/05/2021,2671.4,N/A,2761.48,2691.89,2614.48
06/04/2021,2756.26,N/A,2732.62,2779.27,2680.35
06/03/2021,2747.86,N/A,2696.48,2856.63,2683.29
06/02/2021,2717.24,N/A,2594.12,2723.54,2666.39
06/01/2021,2612.9,N/A,2643.91,2647.44,2554.88
05/31/2021,2625.66,N/A,2308.45,2738.22,2616.64
05/30/2021,2291.24,N/A,2295.86,2412.95,2279.42
05/29/2021,2291.18,N/A,2512.21,2307.53,2181.93
05/28/2021,2515.66,N/A,2728.32,2544.21,2401.44
05/27/2021,2703.48,N/A,2676.63,2760.17,2674.15
05/26/2021,2655.84,N/A,2842.8,2885.02,2638.62
05/25/2021,2825.76,N/A,2585.19,2839.72,2648.1
05/24/2021,2586.52,N/A,2139.96,2747.49,2541.05
05/23/2021,2151.1,N/A,2319.79,2196.59,2080.87
05/22/2021,2312.92,N/A,2330.99,2379.89,2257.29
05/21/2021,2333.99,N/A,2791.47,2481.06,2311.87
05/20/2021,2805.8,N/A,2474.48,2931.66,2766.02
05/19/2021,2448.76,N/A,3094.68,2539.36,2163.4
05/18/2021,3103.98,N/A,3380.61,3434.01,3065.84
05/17/2021,3388.7,N/A,3254.53,3415,3244.93
05/16/2021,3267.2,N/A,3825.2,3582.19,3235.2
05/15/2021,3798.62,N/A,4027.17,3851.62,3626.53
05/14/2021,4035.14,N/A,3781.41,4129.99,4013.04
05/13/2021,3807.61,N/A,3938.29,3893.57,3694.54
05/12/2021,3911.35,N/A,4337.93,4031.99,3539.96
05/11/2021,4318.2,N/A,3855.65,4327.76,4151.39
05/10/2021,3857.83,N/A,4051.53,4025.11,3781.86
05/09/2021,4053.56,N/A,3879.14,4067.75,3888.6
05/08/2021,3947.83,N/A,3531.95,3947.83,3819.55
05/07/2021,3526.88,N/A,3423.71,3549.69,3453.37
05/06/2021,3439.26,N/A,3471.5,3530.84,3401.11
05/05/2021,3466.61,N/A,3310.14,3537.12,3442.35
05/04/2021,3317.58,N/A,3237.69,3331.54,3295.34
05/03/2021,3239.54,N/A,3053.38,3446.51,3188.9
05/02/2021,3052.6,N/A,2949.71,3057.99,2950.07
05/01/2021,2912.25,N/A,2838.94,2954.53,2910.74
04/30/2021,2843.18,N/A,2742.91,2846.81,2753.6
04/29/2021,2740.19,N/A,2694.76,2768.03,2727.5
04/28/2021,2690.07,N/A,2628.81,2753.4,2686.07
04/27/2021,2642.5,N/A,2494.61,2714.94,2629.85
04/26/2021,2498.12,N/A,2453.65,2546.63,2484.44
04/25/2021,2445.16,N/A,2189.26,2467.72,2305.97
04/24/2021,2192.66,N/A,2296.72,2249.28,2190.59
04/23/2021,2302.55,N/A,2281.49,2367.46,2229.62
04/22/2021,2277.17,N/A,2385.58,2440.21,2141.95
04/21/2021,2379.77,N/A,2290.15,2448.59,2319.93
04/20/2021,2297.03,N/A,2102.52,2360.69,2281.78
04/19/2021,2104.16,N/A,2265.71,2173.73,2067.73
04/18/2021,2272.48,N/A,2163.45,2275.87,2200.84
04/17/2021,2081.57,N/A,2486.24,2338.53,1948.93
04/16/2021,2481.23,N/A,2495.66,2489.45,2423.04
04/15/2021,2505.26,N/A,2475.6,2544.54,2478.92
04/14/2021,2467.41,N/A,2346.87,2475.98,2402.75
04/13/2021,2340.08,N/A,2163.35,2349.99,2281.49
04/12/2021,2165.82,N/A,2149.2,2175.04,2136.49
04/11/2021,2148.11,N/A,2145.41,2162.22,2131.14
04/10/2021,2145.29,N/A,2143.2,2157.01,2123.76
04/09/2021,2143.07,N/A,2072.65,2145.32,2058.23
04/08/2021,2075.85,N/A,1997.74,2097.6,2070.14
04/07/2021,1992.68,N/A,2104.49,1994.32,1951.83
04/06/2021,2104.03,N/A,2114.96,2128.25,2082.07
04/05/2021,2121.24,N/A,2029.49,2150.78,2108.81
04/04/2021,2032.56,N/A,2016.56,2083.73,2031.45
04/03/2021,2008.59,N/A,2092.44,2023.85,1982
04/02/2021,2092.19,N/A,1995.4,2137.68,2084.03
04/01/2021,1993.19,N/A,1925.82,2010.3,1949.99
03/31/2021,1917.44,N/A,1839.94,1944.08,1914.09
03/30/2021,1819.79,N/A,1793.72,1861.85,1817.09
03/29/2021,1796.9,N/A,1694.6,1827.16,1788.6
03/28/2021,1698.17,N/A,1706.73,1700.97,1678.38
03/27/2021,1712.37,N/A,1696.01,1716.12,1701.26
03/26/2021,1694.38,N/A,1612.97,1717.19,1687.49
03/25/2021,1620.25,N/A,1570.57,1628.28,1586.36
03/24/2021,1572.02,N/A,1679.82,1597.09,1550.11
03/23/2021,1678.98,N/A,1700.94,1685.04,1652.07
03/22/2021,1697.77,N/A,1783.57,1712.43,1668.86
03/21/2021,1781.34,N/A,1786.73,1786,1754.21
03/20/2021,1784.54,N/A,1833.17,1815.85,1776.42
03/19/2021,1828,N/A,1779.84,1835.31,1801.6
03/18/2021,1782.3,N/A,1834.11,1848.88,1735.42
03/17/2021,1835.14,N/A,1766.07,1849.23,1812.94
03/16/2021,1766.73,N/A,1749.34,1811.93,1763.65
03/15/2021,1747.84,N/A,1883.93,1803.06,1715.97
03/14/2021,1885.23,N/A,1911.09,1890.59,1843.41
03/13/2021,1903.82,N/A,1771.54,1932.36,1890.05
03/12/2021,1755.68,N/A,1804.91,1767.3,1730.46
03/11/2021,1804.89,N/A,1800.28,1841.19,1797.03
03/10/2021,1798.94,N/A,1793.22,1816.29,1764.46
03/09/2021,1791.89,N/A,1836.52,1875.98,1759.5
03/08/2021,1843.43,N/A,1728.08,1858.77,1809.09
03/07/2021,1726.71,N/A,1658.18,1751.92,1710.67
03/06/2021,1657.64,N/A,1529.67,1685.08,1639.66
03/05/2021,1528.31,N/A,1467.96,1548.06,1521.6
03/04/2021,1483.07,N/A,1536.46,1540.66,1447.45
03/03/2021,1543.9,N/A,1540.21,1623.73,1535.9
03/02/2021,1543.85,N/A,1576.03,1547,1477.72
03/01/2021,1568.58,N/A,1440.72,1602.13,1515.22
02/28/2021,1444.09,N/A,1368.4,1455.37,1411.55
02/27/2021,1385.91,N/A,1502.21,1467.76,1367.31
02/26/2021,1503.8,N/A,1503.15,1515.83,1439.84
02/25/2021,1508.01,N/A,1589.77,1526.62,1449.19
02/24/2021,1595.49,N/A,1643.15,1655.45,1588.7
02/23/2021,1636.05,N/A,1632.56,1652.01,1505.79
02/22/2021,1609.62,N/A,1864.79,1781.44,1609.62
02/21/2021,1857.91,N/A,1944.76,1935.04,1837.22
02/20/2021,1937.85,N/A,2021.73,1954.82,1885.7
02/19/2021,2025.19,N/A,1903.83,2040.79,1924.17
02/18/2021,1904.01,N/A,1901.06,1951.26,1892.7
02/17/2021,1898.89,N/A,1738.69,1916.3,1849.05
02/16/2021,1740.05,N/A,1812.81,1785.72,1734.15
02/15/2021,1811.57,N/A,1722.58,1827.07,1746.05
02/14/2021,1710.87,N/A,1815.38,1811.64,1661.09
02/13/2021,1812.56,N/A,1863.1,1843.13,1803.1
02/12/2021,1859.33,N/A,1750.21,1871.36,1840.72
02/11/2021,1745.83,N/A,1722.42,1806.86,1741.04
02/10/2021,1722.27,N/A,1787.5,1746.32,1704.97
02/09/2021,1787.21,N/A,1735.72,1824,1760.05
02/08/2021,1739.05,N/A,1618.84,1765.88,1711.4
02/07/2021,1615.97,N/A,1606.98,1629.25,1566.43
02/06/2021,1588.25,N/A,1672.02,1692.29,1588.25
02/05/2021,1680.93,N/A,1635.47,1742.9,1651.54
02/04/2021,1634.08,N/A,1661.46,1651.61,1589.28
02/03/2021,1659.29,N/A,1552.97,1693.64,1635.72
02/02/2021,1554.28,N/A,1381.14,1560.3,1510.27
02/01/2021,1381.97,N/A,1315.29,1410.06,1361.63
01/31/2021,1318.04,N/A,1361.22,1329.6,1272.09
01/30/2021,1357.97,N/A,1343.06,1380.04,1352.46
01/29/2021,1346.21,N/A,1306.37,1405.78,1327.66
01/28/2021,1305.36,N/A,1283.04,1373.56,1288.26
01/27/2021,1279.75,N/A,1311.55,1291.83,1221.15
01/26/2021,1306.99,N/A,1341.04,1372.31,1299.62
01/25/2021,1330.64,N/A,1423.2,1377.94,1299.52
01/24/2021,1416.87,N/A,1320.61,1474.68,1386.17
01/23/2021,1314.48,N/A,1248.22,1315.63,1222.14
01/22/2021,1246.4,N/A,1158.45,1250.31,1207.41
01/21/2021,1154.44,N/A,1288.75,1185.94,1045.02
01/20/2021,1299.96,N/A,1357.1,1387.39,1294.54
01/19/2021,1359.85,N/A,1305.16,1406.56,1321.61
01/18/2021,1310.45,N/A,1202.37,1344.01,1252.36
01/17/2021,1197.31,N/A,1224.31,1246.47,1184.15
01/16/2021,1235.13,N/A,1181.16,1257.81,1202.47
01/15/2021,1178.3,N/A,1208.32,1197.51,1158.33
01/14/2021,1215,N/A,1108.45,1256.13,1203.63
01/13/2021,1106.15,N/A,1024.1,1144.05,1088.52
01/12/2021,1021.17,N/A,1097.37,1058.07,990.96
01/11/2021,1085.9,N/A,1118.53,1101.03,1042.16
01/10/2021,1117.54,N/A,1318.94,1257.3,1026.35
01/09/2021,1322.28,N/A,1220.04,1340.14,1275.87
01/08/2021,1221.03,N/A,1169.55,1233.44,1172.39
01/07/2021,1170.08,N/A,1210.66,1230.75,1069.25
01/06/2021,1211.33,N/A,1116.23,1223.43,1181.5
01/05/2021,1115.89,N/A,1004.08,1132.76,1060.67
01/04/2021,1024.04,N/A,1027.21,1131.56,990.8
01/03/2021,1020.94,N/A,778.07,1033,956.6
01/02/2021,774.3,N/A,729.11,781.35,769.57
01/01/2021,729.49,N/A,742.54,733.28,715.15
12/31/2020,742.94,N/A,742.62,748.96,730.02
12/30/2020,741.69,N/A,730.27,755.13,730.13
12/29/2020,729.47,N/A,703.67,747.11,726.12
12/28/2020,700.79,N/A,704.72,739.77,690.24
12/27/2020,704.46,N/A,643.33,718.1,682.47
12/26/2020,643.1,N/A,630.08,652.1,635.4
12/25/2020,632.16,N/A,609.3,636.76,621.49
12/24/2020,608.98,N/A,574.9,615.54,605.01
12/23/2020,577.76,N/A,623.18,586.67,566.15
12/22/2020,619.31,N/A,610.04,638.11,618.36
12/21/2020,611.52,N/A,644.99,615.04,602.33
12/20/2020,644.66,N/A,646.44,647.87,634.71
12/19/2020,647.33,N/A,655.28,657.96,641.43
12/18/2020,654.9,N/A,643.49,659.56,645.91
12/17/2020,645.76,N/A,637.49,653.77,630.44
12/16/2020,639.81,N/A,583.43,651.74,635.64
12/15/2020,584.1,N/A,583.61,589.15,580.9
12/14/2020,589.41,N/A,585.49,596.97,585.65
12/13/2020,584.53,N/A,567.72,591.41,582.3
12/12/2020,568.16,N/A,553.72,569.55,563.37
12/11/2020,553.73,N/A,545.86,555.89,543.99
12/10/2020,545.75,N/A,567.5,560.28,541.11
12/09/2020,568.12,N/A,547.55,575.56,565.12
12/08/2020,549.8,N/A,589.5,556.38,543.13
12/07/2020,589.53,N/A,596.36,591.33,586.6
12/06/2020,595.05,N/A,598.9,603.06,591.66
12/05/2020,599.63,N/A,579.17,606.9,595.09
12/04/2020,579.52,N/A,605.84,579.85,561.24
12/03/2020,605.8,N/A,593.14,619.61,601.18
12/02/2020,594,N/A,582.37,599.92,589.22
12/01/2020,582.44,N/A,604.17,597.12,575.24
11/30/2020,606.09,N/A,584.88,616.78,602.58
11/29/2020,584.4,N/A,539.07,592.92,575.35
11/28/2020,541.13,N/A,512.77,543.58,530.71
11/27/2020,511.77,N/A,520.06,520.26,509.83
11/26/2020,520.17,N/A,526.88,530.41,515.15
11/25/2020,526.94,N/A,581.9,577.08,512.11
11/24/2020,586.46,N/A,618.55,605.63,581.44
11/23/2020,618.57,N/A,580.95,619.86,600.53
11/22/2020,580.38,N/A,546.95,585.44,551.8
11/21/2020,546.66,N/A,505.18,560.15,538.25
11/20/2020,506.03,N/A,486.32,518.09,505.23
11/19/2020,487.04,N/A,476.23,487.97,471.06
11/18/2020,476.65,N/A,493.69,480.55,474.41
11/17/2020,492.79,N/A,461.77,495.04,481.87
11/16/2020,465.31,N/A,449.61,468.45,459.74
11/15/2020,449.43,N/A,457.92,451.24,445.82
11/14/2020,458.82,N/A,471.38,462.93,456.64
11/13/2020,468.91,N/A,463.79,477.34,468.01
11/12/2020,463.56,N/A,457.96,466.8,461.31
11/11/2020,458.7,N/A,462.97,464.08,452.65
11/10/2020,460.3,N/A,450.95,466.08,449.51
11/09/2020,451.7,N/A,451.96,451.7,439.5
11/08/2020,451.3,N/A,438.08,457.6,449.28
11/07/2020,439.91,N/A,458.73,443.06,432.44
11/06/2020,457.44,N/A,429.4,467.88,454.78
11/05/2020,429.42,N/A,403.07,440.91,415.08
11/04/2020,403.94,N/A,385.62,406.22,400.59
11/03/2020,385.66,N/A,374.34,388.39,381.27
11/02/2020,374.33,N/A,398.31,385.08,370.96
11/01/2020,397.5,N/A,385.9,404.04,396.24
10/31/2020,386.96,N/A,383.02,390.08,385.37
10/30/2020,382.13,N/A,384.85,387.63,380.53
10/29/2020,385.39,N/A,391.26,391.98,383.6
10/28/2020,390.06,N/A,405.9,392.04,387.82
10/27/2020,406.19,N/A,392.5,408.1,402.95
10/26/2020,392.37,N/A,408.94,395.3,391.93
10/25/2020,408.61,N/A,414.83,410.41,403.76
10/24/2020,415.04,N/A,412.13,416.1,410.45
10/23/2020,412.14,N/A,413.25,413.52,407.74
10/22/2020,413.28,N/A,393.13,415.07,410.5
10/21/2020,393.07,N/A,378.12,397.63,391.21
10/20/2020,378.6,N/A,379.83,378.82,368.06
10/19/2020,379.95,N/A,372.87,380.14,377.68
10/18/2020,373.64,N/A,368.27,379.42,373.13
10/17/2020,368.52,N/A,368.37,370.26,367.54
10/16/2020,367.51,N/A,377.86,368.28,363.18
10/15/2020,377.24,N/A,376.66,379.6,375.9
10/14/2020,376.75,N/A,382.14,379.2,375.44
10/13/2020,382.98,N/A,383.02,384.8,380.71
10/12/2020,383.73,N/A,373.89,387.06,382.33
10/11/2020,374.08,N/A,370.63,375.16,372.56
10/10/2020,370.46,N/A,373.49,372.99,369.37
10/09/2020,376.76,N/A,350.82,377.97,364.57
10/08/2020,350.34,N/A,339.16,351.32,348.29
10/07/2020,339.24,N/A,338.39,341.94,338.4
10/06/2020,337.78,N/A,353.55,340.61,334.11
10/05/2020,353.76,N/A,354.22,354.73,351.95
10/04/2020,351.76,N/A,345.69,354.86,351.29
10/03/2020,345.86,N/A,345.71,347.34,344.03
10/02/2020,348.24,N/A,352.83,348.69,343.74
10/01/2020,352.13,N/A,362.24,353.61,350.18
09/30/2020,362.29,N/A,355.75,363.36,358.78
09/29/2020,355.89,N/A,353.67,359.91,355.35
09/28/2020,353.32,N/A,357.82,355.46,352.09
09/27/2020,358.32,N/A,359.3,360.18,357.42
09/26/2020,358.88,N/A,351.51,361.61,353.87
09/25/2020,351.83,N/A,345.1,353.51,350.21
09/24/2020,345.97,N/A,325.05,349.83,345.92
09/23/2020,324.78,N/A,341.64,326.04,317.27
09/22/2020,341.82,N/A,343.16,344.12,341.17
09/21/2020,343.17,N/A,374.93,344.9,338.28
09/20/2020,374.19,N/A,381.75,375.34,369.19
09/19/2020,381.83,N/A,383.11,385.39,379.75
09/18/2020,382.35,N/A,387.56,385.28,381.61
09/17/2020,387.14,N/A,376.93,392.21,385.88
09/16/2020,378.77,N/A,359.19,384.4,363.54
09/15/2020,358.9,N/A,376.16,364.57,355.18
09/14/2020,376.13,N/A,366.05,381.67,374.64
09/13/2020,366.36,N/A,388.89,367.44,357.54
09/12/2020,388.62,N/A,369.51,388.72,383.16
09/11/2020,369.38,N/A,357.81,374,368.61
09/10/2020,358.29,N/A,369.82,371.54,358.12
09/09/2020,369.47,N/A,333.96,370.46,350.86
09/08/2020,332.83,N/A,349.24,340.86,331.12
09/07/2020,349.48,N/A,347.11,355.69,347.39
09/06/2020,346.55,N/A,328.44,357.33,345.03
09/05/2020,329.17,N/A,387.29,342.19,323.09
09/04/2020,388.18,N/A,384.69,394.12,384.88
09/03/2020,384.74,N/A,442.75,390.96,376.73
09/02/2020,441.27,N/A,470.06,466.4,438.08
09/01/2020,471.57,N/A,443.41,478.8,465.98
08/31/2020,443.36,N/A,425.2,443.81,429.65
08/30/2020,425.51,N/A,404.83,429.88,424.19
08/29/2020,404.93,N/A,394.66,406.78,398.47
08/28/2020,394.52,N/A,387.45,395.89,391.97
08/27/2020,386.73,N/A,384.4,388.55,379.8
08/26/2020,384.65,N/A,386.21,389.15,383.04
08/25/2020,384.69,N/A,401.46,387.7,377.69
08/24/2020,402.08,N/A,393.04,409.02,400.64
08/23/2020,392.81,N/A,390.15,393.89,387.62
08/22/2020,389.87,N/A,385.71,396.96,388.81
08/21/2020,384.91,N/A,415.93,388.19,379.96
08/20/2020,414.28,N/A,407.19,418.72,409.83
08/19/2020,408.02,N/A,415.82,415.16,406.65
08/18/2020,417.19,N/A,429.88,426.65,416.35
08/17/2020,429.52,N/A,425.82,433.65,428.13
08/16/2020,426.95,N/A,426.54,434.85,421.98
08/15/2020,427.6,N/A,439.2,433.11,424.2
08/14/2020,438.73,N/A,421.08,442.7,435.82
08/13/2020,421.53,N/A,394.5,429.93,418.37
08/12/2020,393.41,N/A,377.14,394.67,386.56
08/11/2020,376.63,N/A,394.25,380.49,372.66
08/10/2020,393.84,N/A,397.07,398.13,393.28
08/09/2020,397.7,N/A,395.01,398.07,390.17
08/08/2020,395.53,N/A,378.31,399.93,393.6
08/07/2020,378.28,N/A,395.62,382.67,376.38
08/06/2020,395.91,N/A,395.64,398.14,394.04
08/05/2020,395.63,N/A,389.24,403.18,394.91
08/04/2020,388.81,N/A,390.94,391.89,384.84
08/03/2020,389.43,N/A,379.28,402.01,385.86
08/02/2020,380.44,N/A,407.19,385.66,368.46
08/01/2020,404.77,N/A,352.16,404.81,386.07
07/31/2020,352.68,N/A,329.05,352.68,343.33
07/30/2020,330.22,N/A,316.24,336.35,329.05
07/29/2020,316.67,N/A,316.51,319.4,315.62
07/28/2020,316.34,N/A,319.14,318.81,312.64
07/27/2020,318.05,N/A,325.15,326.53,316.3
07/26/2020,326.49,N/A,302.84,329.05,311.04
07/25/2020,302.96,N/A,282.83,305.32,300.33
07/24/2020,283.36,N/A,272.94,284.35,279.33
07/23/2020,273.22,N/A,263.85,275.31,272.16
07/22/2020,263.83,N/A,244.47,265.51,262.57
07/21/2020,244.56,N/A,237.07,245.66,243.51
07/20/2020,237.03,N/A,238.69,237.5,235.67
07/19/2020,238.71,N/A,235.13,239.71,237.8
07/18/2020,235.17,N/A,232.99,236.29,234.77
07/17/2020,232.96,N/A,233.17,233.36,232.4
07/16/2020,232.91,N/A,238.48,234.44,232.8
07/15/2020,238.47,N/A,239.33,239.47,237.98
07/14/2020,239.75,N/A,238.77,241.36,239.75
07/13/2020,238.97,N/A,241.71,240.21,238.52
07/12/2020,241.69,N/A,240.84,243.55,241.25
07/11/2020,240.9,N/A,240.55,241.37,239.09
07/10/2020,240.46,N/A,240.54,241.64,240.25
07/09/2020,240.12,N/A,244.79,242.17,239.99
07/08/2020,244.8,N/A,241.91,246.96,243.33
07/07/2020,241.49,N/A,239.42,242.28,238
07/06/2020,239.58,N/A,227.89,243.43,238.17
07/05/2020,227.83,N/A,228.13,228.64,227.1
07/04/2020,228.27,N/A,226.27,229.8,227.81
07/03/2020,226.29,N/A,226.48,226.89,224.8
07/02/2020,228.34,N/A,227.57,232.04,227.94
07/01/2020,231.06,N/A,225.45,232.04,230.62
06/30/2020,225.16,N/A,227.02,225.93,224.33
06/29/2020,227.17,N/A,224.69,228.57,226.95
06/28/2020,224.63,N/A,219.27,226.72,224.29
06/27/2020,219.27,N/A,229.75,221.04,218.54
06/26/2020,229.74,N/A,232.36,230.06,228.77
06/25/2020,232.61,N/A,229.67,233.5,231.23
06/24/2020,228.94,N/A,245.37,235.29,227.99
06/23/2020,244.92,N/A,242.72,245.91,242.97
06/22/2020,242.79,N/A,234.25,244.67,240.94
06/21/2020,234.19,N/A,229.73,234.47,227.69
06/20/2020,229.57,N/A,230.37,230.21,228.75
06/19/2020,230.19,N/A,227.79,230.96,228.78
06/18/2020,227.44,N/A,233.63,231.51,226.97
06/17/2020,233.84,N/A,233.11,234.69,233.07
06/16/2020,233.19,N/A,233.23,235.64,232.34
06/15/2020,233.07,N/A,225.95,233.66,228.99
06/14/2020,236.66,N/A,235.65,238.48,234.14
06/13/2020,237.64,N/A,235.72,238.48,237.39
06/12/2020,236.04,N/A,233.6,237.92,235.82
06/11/2020,233.66,N/A,248.21,234.19,228.62
06/10/2020,248.2,N/A,243.89,249.77,247.81
06/09/2020,243.92,N/A,243.19,244.71,243.49
06/08/2020,243.28,N/A,244.09,249.45,240.18
06/07/2020,244.05,N/A,243,245.15,243.25
06/06/2020,243.32,N/A,240.57,244.05,240.63
06/05/2020,240.14,N/A,243.11,241.36,238.38
06/04/2020,240.3,N/A,238.05,246.41,238.5
06/03/2020,245.73,N/A,235.81,246.41,243.31
06/02/2020,235.9,N/A,247.23,238.6,235.43
06/01/2020,247.23,N/A,238.77,248.75,245.8
05/31/2020,238.07,N/A,232.45,245.33,235.85
05/30/2020,237.53,N/A,222.64,245.33,235.85
05/29/2020,221.75,N/A,221.71,221.75,218.86
05/28/2020,222.01,N/A,206.43,224.52,220.12
05/27/2020,206.57,N/A,201.73,208.61,206.36
05/26/2020,201.9,N/A,204.52,202.35,200.85
05/25/2020,204.6,N/A,202.37,204.9,202.85
05/24/2020,202.06,N/A,208.59,203.14,198.57
05/23/2020,208.86,N/A,209.86,209.63,206.07
05/22/2020,209.51,N/A,197.45,211.03,207.35
05/21/2020,197.56,N/A,209.28,199.9,196.68
05/20/2020,209.37,N/A,213.01,211.58,209.23
05/19/2020,212.74,N/A,210.38,214.65,212.61
05/18/2020,210.16,N/A,215.04,215,210.16
05/17/2020,215.15,N/A,201.48,215.99,207.01
05/16/2020,201.79,N/A,198.65,202.48,199.77
05/15/2020,198.82,N/A,199.58,199.68,193.48
05/14/2020,199.95,N/A,199.12,204.02,197.65
05/13/2020,198.74,N/A,190.8,200.78,196.91
05/12/2020,190.82,N/A,188.49,191.38,189.42
05/11/2020,188.47,N/A,188.6,189.12,185.72
05/10/2020,188.4,N/A,212.72,210.19,183.15
05/09/2020,186.4,N/A,213.81,210.19,183.15
05/08/2020,213.52,N/A,213.12,214.5,209.67
05/07/2020,213,N/A,206,216.44,211.21
05/06/2020,205.67,N/A,206.76,207.92,197.36
05/05/2020,207.47,N/A,206.07,208.74,202.21
05/04/2020,206.33,N/A,203.61,208.53,205
05/03/2020,203.96,N/A,216.77,210.63,202.35
05/02/2020,218.05,N/A,212.18,218.74,213.61
05/01/2020,213.24,N/A,209.97,213.37,211.25
04/30/2020,208.09,N/A,218.64,210.29,206.06
04/29/2020,224.41,N/A,198.04,224.41,214.36
04/28/2020,198.21,N/A,194.06,199.14,196.45
04/27/2020,194.22,N/A,197.78,196.21,192.65
04/26/2020,197.28,N/A,194.67,198.8,196.69
04/25/2020,194.47,N/A,186.78,195.32,193.66
04/24/2020,187.29,N/A,188.42,187.67,186.03
04/23/2020,188.19,N/A,183.93,189.03,185.19
04/22/2020,183.93,N/A,171.64,186.5,181.47
04/21/2020,171.14,N/A,171.14,172.04,169.93
04/20/2020,171.69,N/A,183.41,173.5,169.85
04/19/2020,183.88,N/A,187.28,184.16,178.9
04/18/2020,187.02,N/A,173.34,188.23,184.82
04/17/2020,172.71,N/A,170.96,173.95,170.61
04/16/2020,171.42,N/A,153.09,173.14,170.19
04/15/2020,153.08,N/A,159.8,153.55,148.91
04/14/2020,160.06,N/A,157.44,160.13,155.94
04/13/2020,157.98,N/A,153.94,158.35,155.52
04/12/2020,152.56,N/A,156.91,158.76,150.6
04/11/2020,155.9,N/A,159.81,159.36,155.75
04/10/2020,159.77,N/A,168.29,160.36,157.75
04/09/2020,163.45,N/A,170.21,170.1,163.22
04/08/2020,170.26,N/A,168.76,173.18,169.87
04/07/2020,172.2,N/A,169.92,172.85,163.73
04/06/2020,170.57,N/A,143.6,175.78,167.58
04/05/2020,144.01,N/A,144.46,144.55,142.55
04/04/2020,143.9,N/A,139.92,145.26,143.44
04/03/2020,140,N/A,142.26,142.02,139.36
04/02/2020,141.99,N/A,136.22,142.7,140.42
04/01/2020,135.73,N/A,132.48,137.93,135.26
03/31/2020,132.84,N/A,133,133.4,131.27
03/30/2020,132.45,N/A,127.01,134,131.14
03/29/2020,126.85,N/A,130.02,127.45,125.02
03/28/2020,130.17,N/A,126.5,131.74,129.26
03/27/2020,126.5,N/A,139.26,132.3,125.48
03/26/2020,139.27,N/A,137.06,140.99,137.95
03/25/2020,136.84,N/A,136.25,137.85,135.32
03/24/2020,136.54,N/A,134.12,141.1,135.35
03/23/2020,134.7,N/A,125.33,136.74,134.39
03/22/2020,125.4,N/A,135.91,125.95,120.2
03/21/2020,135.56,N/A,134.12,135.76,130.75
03/20/2020,133.26,N/A,133.78,137.33,129.92
03/19/2020,133.81,N/A,116.03,138.58,132.74
03/18/2020,116.18,N/A,116.98,119.21,115.61
03/17/2020,116.84,N/A,117.45,117.36,115.24
03/16/2020,117.36,N/A,122.51,120.6,109.67
03/15/2020,122.03,N/A,121.2,124.38,120.77
03/14/2020,121.21,N/A,133.4,123.75,120.93
03/13/2020,133.74,N/A,124.09,134.58,129.72
03/12/2020,124.23,N/A,183.27,137.06,88.5
03/11/2020,182.97,N/A,201.72,195.4,182.95
03/10/2020,201.6,N/A,202.36,202.96,200.1
03/09/2020,202.58,N/A,201.43,204.6,200.13
03/08/2020,200.89,N/A,231.65,206.62,198.25
03/07/2020,231.68,N/A,243.09,237.3,229.75
03/06/2020,243.19,N/A,229.11,245.85,242.39
03/05/2020,229.17,N/A,226.72,230.69,227.71
03/04/2020,224.23,N/A,228.6,228.66,221.74
03/03/2020,227.2,N/A,229.86,228.66,222.66
03/02/2020,229.92,N/A,220.99,232.15,227.76
03/01/2020,221.05,N/A,222.55,221.89,216.23
02/29/2020,222.75,N/A,231.89,225.34,216.48
02/28/2020,231.91,N/A,229.18,232.45,226.79
02/27/2020,230.27,N/A,218.2,234.55,227
02/26/2020,218.28,N/A,240.59,224.52,210.36
02/25/2020,240.6,N/A,261.33,250.05,236.8
02/24/2020,261.34,N/A,267.69,266.17,261.08
02/23/2020,267.13,N/A,266.17,276.81,266.08
02/22/2020,266.02,N/A,261.06,267.9,261.24
02/21/2020,260.78,N/A,260.83,266.71,260.75
02/20/2020,260.87,N/A,260.55,263.69,254.15
02/19/2020,260.24,N/A,278.69,264.22,257.67
02/18/2020,278.91,N/A,270.99,282.61,277.7
02/17/2020,248.81,N/A,265.86,261.25,242.11
02/16/2020,245.2,N/A,272.75,261.25,242.11
02/15/2020,271.87,N/A,281.25,273.81,258.89
02/14/2020,282.01,N/A,266.87,287.93,278.59
02/13/2020,267.16,N/A,269.48,269.9,264.84
02/12/2020,269.35,N/A,245.01,274.21,265.23
02/11/2020,245.68,N/A,218.56,247.11,236.73
02/10/2020,218.39,N/A,224.59,223.44,218.22
02/09/2020,224.54,N/A,227.72,229.28,222.59
02/08/2020,228.07,N/A,220.03,228.84,223.07
02/07/2020,220.39,N/A,218.62,224.43,213.75
02/06/2020,219.52,N/A,205.94,220.92,213.14
02/05/2020,205.23,N/A,190.26,206.51,201.29
02/04/2020,189.95,N/A,187.23,190.13,188.26
02/03/2020,187.56,N/A,190.78,191.48,187.13
02/02/2020,191.22,N/A,181.9,194.92,187.44
02/01/2020,181.94,N/A,182,183.68,179.49
01/31/2020,182.53,N/A,182.34,184.17,179.36
01/30/2020,182.36,N/A,174.27,185.67,182.34
01/29/2020,174.28,N/A,176.39,174.5,171.2
01/28/2020,176.25,N/A,172.26,177.42,175.26
01/27/2020,172.56,N/A,167,173.53,170.27
01/26/2020,166.8,N/A,160.9,169.64,166.54
01/25/2020,160.92,N/A,159.41,161.76,159.55
01/24/2020,159.47,N/A,158.44,162.58,157.87
01/23/2020,158.47,N/A,164.82,163.42,158.12
01/22/2020,164.52,N/A,169.43,168.25,164.52
01/21/2020,169.38,N/A,167.95,169.97,167.97
01/20/2020,168.48,N/A,164.87,168.83,165.74
01/19/2020,165.09,N/A,175.98,167.44,164.57
01/18/2020,176.09,N/A,168.82,177.77,173.53
01/17/2020,169.29,N/A,166.63,173.54,168.18
01/16/2020,166.37,N/A,160.31,167.21,162.33
01/15/2020,160.63,N/A,160.77,167.18,159.08
01/14/2020,161.67,N/A,149.08,171.69,161.05
01/13/2020,149.44,N/A,144.03,150.26,143.59
01/12/2020,144.11,N/A,143.66,146.87,142.88
01/11/2020,143.73,N/A,143.31,144.44,142
01/10/2020,143.42,N/A,136.58,145.23,142.95
01/09/2020,136.64,N/A,140.09,138.19,136.33
01/08/2020,140.13,N/A,145.02,141.6,139.6
01/07/2020,145.02,N/A,142.52,147.55,142.95
01/06/2020,142.42,N/A,139.6,145.13,142.33
01/05/2020,139.82,N/A,136.02,139.9,135.17
01/04/2020,136.42,N/A,133.76,136.97,134.32
01/03/2020,133.96,N/A,129.4,134.77,132.95
01/02/2020,129.24,N/A,129.71,129.79,126.05
01/01/2020,129.67,N/A,130.23,130.77,128.89
12/31/2019,130.28,N/A,131.46,130.92,128.81
12/30/2019,131.56,N/A,135.14,132.11,131.18
12/29/2019,135.18,N/A,128.32,135.6,133.28
12/28/2019,128.3,N/A,127.54,128.44,127.67
12/27/2019,125.28,N/A,128.81,127.04,123.18
12/26/2019,125.83,N/A,124.8,126.73,125.31
12/25/2019,124.91,N/A,126.56,125.74,124.7
12/24/2019,126.56,N/A,128.09,128.17,125.79
12/23/2019,128.13,N/A,133.42,128.67,127.56
12/22/2019,133.6,N/A,127.46,134.92,132.2
12/21/2019,127.55,N/A,128.09,128.12,127.09
12/20/2019,127.94,N/A,127.16,128.79,127.4
12/19/2019,127.18,N/A,128.47,128.79,126.8
12/18/2019,128.2,N/A,123.9,133.9,127.28
12/17/2019,123.82,N/A,131.85,125.33,121.6
12/16/2019,131.73,N/A,141.45,132.96,131.37
12/15/2019,141.42,N/A,141.31,142.75,141.04
12/14/2019,141.31,N/A,144.62,142.14,140.3
12/13/2019,144.62,N/A,144.69,145.17,144.48
12/12/2019,144.72,N/A,141.9,145.43,144.37
12/11/2019,141.98,N/A,145.89,143.98,140
12/10/2019,145.9,N/A,147.79,146.56,145.2
12/09/2019,147.76,N/A,150.86,148.48,147
12/08/2019,151.03,N/A,148.46,151.75,150.31
12/07/2019,148.6,N/A,149.17,148.94,147.95
12/06/2019,149.28,N/A,148.32,149.55,148.29
12/05/2019,148.1,N/A,145.28,148.98,147.22
12/04/2019,145.41,N/A,145.21,146.6,144.64
12/03/2019,145.31,N/A,149.27,147.9,144.1
12/02/2019,148.78,N/A,150.59,149.84,148.65
12/01/2019,150.59,N/A,147.89,151.63,150.12
11/30/2019,148.38,N/A,154.07,151.93,146.85
11/29/2019,153.43,N/A,152.62,155.19,153.19
11/28/2019,152.32,N/A,152.5,152.9,150.64
11/27/2019,152.1,N/A,145.93,154.68,151.86
11/26/2019,146.35,N/A,149.28,148.46,144.75
11/25/2019,147.83,N/A,138.28,148.29,144.5
11/24/2019,138.52,N/A,150.98,142.58,136.95
11/23/2019,150.36,N/A,150.18,153.24,150.36
11/22/2019,150.1,N/A,162.39,150.38,146.6
11/21/2019,161.76,N/A,175.41,163.06,161.42
11/20/2019,175.39,N/A,176.36,175.91,174.3
11/19/2019,174.72,N/A,178.46,178.7,173.48
11/18/2019,178.1,N/A,183.33,178.7,177.34
11/17/2019,183.29,N/A,182.25,184.3,182.79
11/16/2019,182.45,N/A,180.96,183.2,182.34
11/15/2019,180.66,N/A,183.87,181.05,179.53
11/14/2019,182.53,N/A,187.65,185.49,181.75
11/13/2019,187.56,N/A,186.07,188.91,187.28
11/12/2019,185.97,N/A,185.8,187.14,185.7
11/11/2019,185.87,N/A,189.78,186.48,184.6
11/10/2019,189.31,N/A,184.09,190.17,188.98
11/09/2019,183.98,N/A,184.9,185.1,183.55
11/08/2019,184.72,N/A,187.96,185.07,183.59
11/07/2019,188.28,N/A,190.24,188.3,186.6
11/06/2019,189.28,N/A,189.68,192.27,189.24
11/05/2019,190.23,N/A,186.41,190.71,188.13
11/04/2019,186.14,N/A,181.53,187.02,185.02
11/03/2019,181.54,N/A,183.89,182,180.98
11/02/2019,183.25,N/A,183.16,183.57,183
11/01/2019,182.77,N/A,181.75,183.51,182.5
10/31/2019,182.21,N/A,184,182.71,181.4
10/30/2019,182.42,N/A,190.94,185.21,181.65
10/29/2019,190.94,N/A,184.52,191.58,188.56
10/28/2019,184.17,N/A,186.77,184.18,181.67
10/27/2019,186.1,N/A,178.96,188.91,183.65
10/26/2019,178.26,N/A,184.25,181.58,178.06
10/25/2019,191.42,N/A,161.03,192.54,181.5
10/24/2019,161.04,N/A,161.15,161.28,160.69
10/23/2019,161.07,N/A,171.18,162.61,160.38
10/22/2019,171.03,N/A,173.57,171.61,170.99
10/21/2019,173.98,N/A,174.32,174.51,173.49
10/20/2019,174.41,N/A,170.13,175.14,173.97
10/19/2019,170.4,N/A,172.01,171.93,169.57
10/18/2019,171.65,N/A,177.13,173.08,171.56
10/17/2019,177.11,N/A,173.81,177.47,176.49
10/16/2019,174.1,N/A,180.28,174.68,173.52
10/15/2019,179.72,N/A,186.09,181.08,179.53
10/14/2019,186.16,N/A,182.26,187.67,185.87
10/13/2019,182.42,N/A,182.04,182.85,180.65
10/12/2019,182.58,N/A,182.84,182.77,178.89
10/11/2019,182.68,N/A,190.2,183.76,180.6
10/10/2019,190.1,N/A,192.17,191.64,188.87
10/09/2019,191.75,N/A,180.64,193.68,191.34
10/08/2019,180.5,N/A,184.41,181.97,180.49
10/07/2019,184.08,N/A,169.93,184.51,179.73
10/06/2019,174.19,N/A,176.2,176.87,174.05
10/05/2019,175.33,N/A,175.7,176.87,174.62
10/04/2019,174.89,N/A,173.2,175.86,174.75
10/03/2019,173.16,N/A,179.43,174.77,172.27
10/02/2019,179.42,N/A,176.36,180.57,178.86
10/01/2019,176.66,N/A,181.13,177.41,174.69
09/30/2019,181.05,N/A,169.65,181.07,178
09/29/2019,168.75,N/A,173.05,169.9,168.3
09/28/2019,172.46,N/A,174.54,174.43,172.27
09/27/2019,174.36,N/A,163.89,174.44,172.67
09/26/2019,163.44,N/A,168.15,165.17,162.89
09/25/2019,167.27,N/A,172.41,169.14,166.9
09/24/2019,172.85,N/A,201.73,174.26,166.1
09/23/2019,201.54,N/A,209.18,202.97,200.02
09/22/2019,209.16,N/A,211.45,211.76,208.52
09/21/2019,211.03,N/A,219.38,215.64,209.74
09/20/2019,219.94,N/A,216.51,221.17,217.43
09/19/2019,218.62,N/A,208.43,221.27,217.28
09/18/2019,207.53,N/A,211.75,210.45,205.88
09/17/2019,210.9,N/A,198.12,212.23,207.69
09/16/2019,197.05,N/A,194.32,198.63,196.97
09/15/2019,194.3,N/A,187.59,194.34,189.09
09/14/2019,187.89,N/A,180.45,190.23,187.54
09/13/2019,180.92,N/A,180.29,181.41,180.36
09/12/2019,180.47,N/A,178.04,181.53,180.12
09/11/2019,177.71,N/A,180.17,178.95,177.48
09/10/2019,180.17,N/A,182.98,182.27,179.85
09/09/2019,182.47,N/A,180.04,184.76,176.25
09/08/2019,180.47,N/A,178.34,181.57,180.19
09/07/2019,178.59,N/A,169.26,179.36,177.76
09/06/2019,169.37,N/A,174.48,169.53,168.42
09/05/2019,173.92,N/A,174.3,174.2,173.08
09/04/2019,173.85,N/A,177.95,174.83,173.77
08/16/2019,184.48,N/A,184.09,188.03,179.35
08/15/2019,187.14,N/A,187.76,188.03,186.48
08/14/2019,187.24,N/A,206.88,189.3,186.62
08/13/2019,207.64,N/A,209.28,209.43,206.46
08/11/2019,214.65,N/A,206.43,215.04,205.64
08/10/2019,210.6,N/A,211.84,211.34,205.64
08/06/2019,229.83,N/A,230.94,237.47,226.8
08/05/2019,227.11,N/A,225.67,232.49,226.8
08/04/2019,225.02,N/A,221.14,226.77,220.75
08/03/2019,221.06,N/A,218.76,222.21,220.85
08/02/2019,222.65,N/A,215.53,223,215.52
08/01/2019,215.52,N/A,213.06,216.81,214.91
07/31/2019,212.82,N/A,210.83,217.55,211.41
07/30/2019,210.47,N/A,205.52,211.46,208.17
07/29/2019,207.15,N/A,213.23,210.46,207.09
07/28/2019,212.8,N/A,207.06,214.45,208.4
07/27/2019,206.56,N/A,221.43,207.05,205.81
07/26/2019,220.37,N/A,213.33,222.7,217.55
07/25/2019,213.45,N/A,221.29,217.67,212.07
07/24/2019,220.71,N/A,205.31,223.3,214.79
07/23/2019,203.95,N/A,215.29,211.86,202.3
07/22/2019,215.48,N/A,224.23,217.23,214.68
07/21/2019,224.61,N/A,227.77,227.47,223.53
07/20/2019,224.97,N/A,223.99,228.76,224.97
07/19/2019,220.51,N/A,221.8,222.67,219.8
07/18/2019,223.03,N/A,212.75,225.68,222.61
07/17/2019,211.42,N/A,199.84,213.86,206.7
07/16/2019,195.74,N/A,232.02,203.21,194.45
07/15/2019,229.37,N/A,217.61,234.41,228.39
07/14/2019,216.61,N/A,268.83,226.66,204.39
07/13/2019,268.79,N/A,273.27,269.62,267.68
07/12/2019,273.36,N/A,271.63,275.04,272.76
07/11/2019,270.66,N/A,286.73,274.28,267.17
07/10/2019,284.93,N/A,313.24,289.14,281.88
07/09/2019,311.81,N/A,312.83,312.09,306.63
07/08/2019,314.6,N/A,304.29,314.91,309.79
07/07/2019,304.03,N/A,288.59,306.91,301.6
07/06/2019,287,N/A,291.12,288.89,285.28
07/05/2019,290.92,N/A,284.74,292.7,286.83
07/04/2019,286.11,N/A,298.28,286.9,281.92
07/03/2019,298.59,N/A,296.58,301.56,297.45
07/02/2019,295.06,N/A,287.28,298.42,291.48
07/01/2019,288.81,N/A,299.15,297,286.69
06/30/2019,298.93,N/A,319.03,300.54,290.24
06/29/2019,319.77,N/A,305.61,323.21,318.26
06/28/2019,298.12,N/A,298.35,310.78,298.12
06/27/2019,301.22,N/A,337.45,306.81,295.3
06/26/2019,333.41,N/A,317.2,345.83,329.83
06/25/2019,316.38,N/A,312.02,319.68,315.99
06/24/2019,311.32,N/A,305.83,312.73,310.07
06/23/2019,306.04,N/A,314.91,308.51,297.9
06/22/2019,315.9,N/A,303.87,318.5,310.39
06/21/2019,305.06,N/A,281.58,305.34,292.09
06/20/2019,280.49,N/A,266.81,283.6,271.47
06/19/2019,268.12,N/A,265.47,268.72,267.66
06/18/2019,265.59,N/A,269.43,266.93,263.61
06/17/2019,271.52,N/A,270.83,273.26,270.37
06/16/2019,271.48,N/A,269.11,272.55,268
06/15/2019,269.53,N/A,264.63,269.81,265.93
06/14/2019,265.36,N/A,253.42,265.77,260.93
06/13/2019,253.92,N/A,258.81,256.54,252.01
06/12/2019,259.31,N/A,243.6,262.47,258.59
06/11/2019,243.97,N/A,244.96,244.81,242.57
06/10/2019,244.69,N/A,232.86,247.77,244.12
06/09/2019,233.53,N/A,239.42,234.64,227.38
06/08/2019,241.33,N/A,250.32,243.79,240.36
06/07/2019,248.46,N/A,246.3,250.51,248.37
06/06/2019,246.71,N/A,246.61,249.98,246.11
06/05/2019,246.42,N/A,240.85,246.94,244.6
06/04/2019,240.85,N/A,248.65,243.57,240.15
06/03/2019,248.55,N/A,267.03,250.28,241.88
06/02/2019,267.37,N/A,267.02,269.26,265
06/01/2019,267.59,N/A,270.84,268.43,263.73
05/31/2019,271.98,N/A,257.14,274.94,265.64
05/30/2019,256.64,N/A,270.95,258.77,253.83
05/29/2019,268.94,N/A,268.74,273.29,267.16
05/28/2019,268.28,N/A,272.69,271.16,266.98
05/27/2019,273.22,N/A,266.69,273.4,268.63
05/26/2019,264.37,N/A,249.71,269.27,264.11
05/25/2019,250.72,N/A,251.34,251.55,250.24
05/24/2019,250.48,N/A,241.99,251.08,247.9
05/23/2019,242.45,N/A,244.46,246.15,242.45
05/22/2019,243.03,N/A,254.98,245.09,241.84
05/21/2019,256.83,N/A,250.66,259.7,253.32
05/20/2019,249.79,N/A,247.78,254.94,248.89
05/19/2019,247.97,N/A,244.2,259.68,245.9
05/18/2019,244.84,N/A,239.82,248.46,232.85
05/17/2019,240.16,N/A,254.86,247.84,237.45
05/16/2019,253.77,N/A,271.82,267.8,252.72
05/15/2019,264,N/A,221.06,268.43,247.19
05/14/2019,221.17,N/A,203.41,222.93,217.32
05/13/2019,203.52,N/A,189.29,204.96,195.22
05/12/2019,189.45,N/A,193.1,190.69,185.69
05/11/2019,190.12,N/A,173.67,193.05,172.75
05/10/2019,176.68,N/A,171.49,177.43,172.75
05/09/2019,170.1,N/A,172.8,171.16,168.86
05/08/2019,172.17,N/A,169.24,173.28,170.26
05/07/2019,169.21,N/A,179.15,169.68,165.7
05/06/2019,179.05,N/A,161.85,181.39,172.97
05/05/2019,161.6,N/A,161.99,163.1,161.6
05/04/2019,164.05,N/A,157.39,165.57,160.05
05/03/2019,168.98,N/A,157.39,168.98,160.05
03/18/2019,137.63,N/A,139.11,141.87,136.86
03/17/2019,139.26,N/A,141.64,141.17,137.61
03/16/2019,140.33,N/A,134.9,143.95,136.75
03/15/2019,137.01,N/A,132.71,137.68,132.45
03/14/2019,132.61,N/A,132.08,134.82,130.48
03/13/2019,132.06,N/A,133.19,133.84,131.2
03/12/2019,133.8,N/A,132.99,134.93,129.14
03/11/2019,133.42,N/A,136.1,136.23,131.66
03/10/2019,135.72,N/A,137.52,137.75,134.53
03/09/2019,137.52,N/A,133.85,138.57,133.38
03/08/2019,133.85,N/A,136.93,139.45,131.66
